Topic Id,Top Words...
0,ǖt zmo vvr rzl ibo qyp 4fo cul goq rzk ѵm kï pռ tǫ mӵ үm mgk dun mcx ƿe
1,lqp dү qӧ muo ole _mx 퍐 k_l nx_ vˏ iլ öy 8ҽ n¹ v_n wrk ƻf zh6 iqb iޙ
2,旖 toq fkh e6 kas zhi 8ה rma mƣ ibt dfv zwa vʧ sґ ycw dծ uyv riw 6pi e4m
3,6lٳf 1 2 5 8 7 6 0 3 6l 9 4 6lٳ 6lٳg 8bim 6lٲ ol zf ٳf li
4,6lٳgs 6lٳgp 6lٳgv 6lٳgu 6lٳgx vwp vȗ _ri ojo xmy ou8 qȍ fy8 ww1 ia4 zcg cgm 1ko lol qoi
5,tqq mio cp8 wc_ jկ ipz bcz 4xe hѷ yhd gqc pҧ xxb 㛑 eek 5ff 漸 y7w aol ⱥv
6,o8k 7e mie idn à5 alg 6lٺ hڅ mgs jjw _ם oyb yo_ jui hex 7wq olt dqz lym ޝn
7,izl aqz bkp j3z ksj xcj ftu 0hw lhi xnc omd oݮ rjs pn2 qƿ y3i omm dvi ѿ3 dyd
8,_ 7 4 5 8 9 6 2 1 0 3 6lٳf oo os n_ zw qo eo om kk
9,6lٳd ca jpg e061 collectionscanada data2 http 6lٳa 53f 6lٳb 5sf 6lٳc 68e 6lٳc_ lٱ w6l 6lٳe u3f lv7 뚙
